[{"model": "contenttypes.contenttype", "fields": {"app_label": "admin", "model": "logentry", "name": "log entry"}, "pk": 1}, {"model": "contenttypes.contenttype", "fields": {"app_label": "auth", "model": "permission", "name": "permission"}, "pk": 2}, {"model": "contenttypes.contenttype", "fields": {"app_label": "auth", "model": "group", "name": "group"}, "pk": 3}, {"model": "contenttypes.contenttype", "fields": {"app_label": "auth", "model": "user", "name": "user"}, "pk": 4}, {"model": "contenttypes.contenttype", "fields": {"app_label": "contenttypes", "model": "contenttype", "name": "content type"}, "pk": 5}, {"model": "contenttypes.contenttype", "fields": {"app_label": "sessions", "model": "session", "name": "session"}, "pk": 6}, {"model": "contenttypes.contenttype", "fields": {"app_label": "pages", "model": "media", "name": "media"}, "pk": 7}, {"model": "contenttypes.contenttype", "fields": {"app_label": "pages", "model": "field", "name": "field"}, "pk": 8}, {"model": "contenttypes.contenttype", "fields": {"app_label": "pages", "model": "workerinfo", "name": "worker info"}, "pk": 9}, {"model": "contenttypes.contenttype", "fields": {"app_label": "pages", "model": "job", "name": "job"}, "pk": 10}, {"model": "contenttypes.contenttype", "fields": {"app_label": "pages", "model": "userinfo", "name": "user info"}, "pk": 11}, {"model": "sessions.session", "fields": {"expire_date": "2015-01-04T10:02:22.606Z", "session_data": "YzU0ZjAyZmU1MTc0Y2JiZDRiN2I0NDE5ZTcxODQ5OWUzMTE2MDYwMTp7fQ=="}, "pk": "5jefloqlseemfj36napzg3m3o6et81qy"}, {"model": "sessions.session", "fields": {"expire_date": "2015-01-05T03:57:08.322Z", "session_data": "MjExYTBjMDc4YWVkZmE3MmNiMDkwMWZhZDVjZTgwOGEyNTg4MDA0Nzp7Il9hdXRoX3VzZXJfYmFja2VuZCI6ImRqYW5nby5jb250cmliLmF1dGguYmFja2VuZHMuTW9kZWxCYWNrZW5kIiwiX2F1dGhfdXNlcl9pZCI6MSwiX2F1dGhfdXNlcl9oYXNoIjoiNjMxNzE2Yzc2MDI4OGVlOTExZmFmYjZhMDg3ZGVlN2ZkMDcwNzA2YiJ9"}, "pk": "dusn2iegoqyoyokpwg8u5atj1xi4l1e3"}, {"model": "sessions.session", "fields": {"expire_date": "2015-01-04T13:38:21.856Z", "session_data": "MDUzYzU4OWJlNjlhNjhmYmI0Mzg4OTY0NWM3YmNjMTVlMWQ1MWUxNzp7Il9hdXRoX3VzZXJfYmFja2VuZCI6ImRqYW5nby5jb250cmliLmF1dGguYmFja2VuZHMuTW9kZWxCYWNrZW5kIiwiX2F1dGhfdXNlcl9oYXNoIjoiNjMxNzE2Yzc2MDI4OGVlOTExZmFmYjZhMDg3ZGVlN2ZkMDcwNzA2YiIsIl9hdXRoX3VzZXJfaWQiOjF9"}, "pk": "peee3njsximtt8r7ghh010k5iddbyon5"}, {"model": "pages.media", "fields": {"description": " Man 1", "image": "./arjun.jpg"}, "pk": 1}, {"model": "pages.media", "fields": {"description": "Man 2", "image": "./creep.jpg"}, "pk": 2}, {"model": "pages.media", "fields": {"description": "Man 3 ", "image": "./kafle.jpg"}, "pk": 3}, {"model": "pages.media", "fields": {"description": " Man 4", "image": "./prakash.jpg"}, "pk": 4}, {"model": "pages.media", "fields": {"description": " Man 5", "image": "./rajeshmaster1-200x200.jpg"}, "pk": 5}, {"model": "pages.media", "fields": {"description": "mechanic ", "image": "./mechanic.jpg"}, "pk": 6}, {"model": "pages.media", "fields": {"description": " maid", "image": "./maid.png"}, "pk": 7}, {"model": "pages.media", "fields": {"description": " computer-maintenance", "image": "./computer-maintenance.jpg"}, "pk": 8}, {"model": "pages.media", "fields": {"description": " plumber", "image": "./plumber.png"}, "pk": 9}, {"model": "pages.media", "fields": {"description": " electrician", "image": "./electrician.png"}, "pk": 10}, {"model": "pages.media", "fields": {"description": " carpentar", "image": "./carpentar.png"}, "pk": 11}, {"model": "pages.field", "fields": {"workername": "Mechanics", "slug": "mechanic", "image": 6, "name": "Mechanic"}, "pk": 1}, {"model": "pages.field", "fields": {"workername": "Maids", "slug": "maid", "image": 7, "name": "Maid"}, "pk": 2}, {"model": "pages.field", "fields": {"workername": "Computer Mainteners", "slug": "computer-maintenance", "image": 8, "name": "Computer Maintenance"}, "pk": 3}, {"model": "pages.field", "fields": {"workername": "Plumbers", "slug": "plumber", "image": 9, "name": "Plumber"}, "pk": 4}, {"model": "pages.field", "fields": {"workername": "Electricians", "slug": "electrician", "image": 10, "name": "Electrician"}, "pk": 5}, {"model": "pages.field", "fields": {"workername": "Carpenters", "slug": "carpentar", "image": 11, "name": "Carpenter"}, "pk": 6}, {"model": "auth.permission", "fields": {"codename": "add_logentry", "content_type": 1, "name": "Can add log entry"}, "pk": 1}, {"model": "auth.permission", "fields": {"codename": "change_logentry", "content_type": 1, "name": "Can change log entry"}, "pk": 2}, {"model": "auth.permission", "fields": {"codename": "delete_logentry", "content_type": 1, "name": "Can delete log entry"}, "pk": 3}, {"model": "auth.permission", "fields": {"codename": "add_permission", "content_type": 2, "name": "Can add permission"}, "pk": 4}, {"model": "auth.permission", "fields": {"codename": "change_permission", "content_type": 2, "name": "Can change permission"}, "pk": 5}, {"model": "auth.permission", "fields": {"codename": "delete_permission", "content_type": 2, "name": "Can delete permission"}, "pk": 6}, {"model": "auth.permission", "fields": {"codename": "add_group", "content_type": 3, "name": "Can add group"}, "pk": 7}, {"model": "auth.permission", "fields": {"codename": "change_group", "content_type": 3, "name": "Can change group"}, "pk": 8}, {"model": "auth.permission", "fields": {"codename": "delete_group", "content_type": 3, "name": "Can delete group"}, "pk": 9}, {"model": "auth.permission", "fields": {"codename": "add_user", "content_type": 4, "name": "Can add user"}, "pk": 10}, {"model": "auth.permission", "fields": {"codename": "change_user", "content_type": 4, "name": "Can change user"}, "pk": 11}, {"model": "auth.permission", "fields": {"codename": "delete_user", "content_type": 4, "name": "Can delete user"}, "pk": 12}, {"model": "auth.permission", "fields": {"codename": "add_contenttype", "content_type": 5, "name": "Can add content type"}, "pk": 13}, {"model": "auth.permission", "fields": {"codename": "change_contenttype", "content_type": 5, "name": "Can change content type"}, "pk": 14}, {"model": "auth.permission", "fields": {"codename": "delete_contenttype", "content_type": 5, "name": "Can delete content type"}, "pk": 15}, {"model": "auth.permission", "fields": {"codename": "add_session", "content_type": 6, "name": "Can add session"}, "pk": 16}, {"model": "auth.permission", "fields": {"codename": "change_session", "content_type": 6, "name": "Can change session"}, "pk": 17}, {"model": "auth.permission", "fields": {"codename": "delete_session", "content_type": 6, "name": "Can delete session"}, "pk": 18}, {"model": "auth.permission", "fields": {"codename": "add_media", "content_type": 7, "name": "Can add media"}, "pk": 19}, {"model": "auth.permission", "fields": {"codename": "change_media", "content_type": 7, "name": "Can change media"}, "pk": 20}, {"model": "auth.permission", "fields": {"codename": "delete_media", "content_type": 7, "name": "Can delete media"}, "pk": 21}, {"model": "auth.permission", "fields": {"codename": "add_field", "content_type": 8, "name": "Can add field"}, "pk": 22}, {"model": "auth.permission", "fields": {"codename": "change_field", "content_type": 8, "name": "Can change field"}, "pk": 23}, {"model": "auth.permission", "fields": {"codename": "delete_field", "content_type": 8, "name": "Can delete field"}, "pk": 24}, {"model": "auth.permission", "fields": {"codename": "add_workerinfo", "content_type": 9, "name": "Can add worker info"}, "pk": 25}, {"model": "auth.permission", "fields": {"codename": "change_workerinfo", "content_type": 9, "name": "Can change worker info"}, "pk": 26}, {"model": "auth.permission", "fields": {"codename": "delete_workerinfo", "content_type": 9, "name": "Can delete worker info"}, "pk": 27}, {"model": "auth.permission", "fields": {"codename": "add_job", "content_type": 10, "name": "Can add job"}, "pk": 28}, {"model": "auth.permission", "fields": {"codename": "change_job", "content_type": 10, "name": "Can change job"}, "pk": 29}, {"model": "auth.permission", "fields": {"codename": "delete_job", "content_type": 10, "name": "Can delete job"}, "pk": 30}, {"model": "auth.permission", "fields": {"codename": "add_userinfo", "content_type": 11, "name": "Can add user info"}, "pk": 31}, {"model": "auth.permission", "fields": {"codename": "change_userinfo", "content_type": 11, "name": "Can change user info"}, "pk": 32}, {"model": "auth.permission", "fields": {"codename": "delete_userinfo", "content_type": 11, "name": "Can delete user info"}, "pk": 33}, {"model": "auth.user", "fields": {"groups": [], "last_name": "", "password": "pbkdf2_sha256$12000$JRsodkJBKTQp$eA0hvO65LPt81XRRK1AfUahwgWR9429uMVSm2WkO0fE=", "is_staff": true, "first_name": "Admin", "user_permissions": [], "is_active": true, "username": "virtualanup", "email": "", "date_joined": "2014-12-21T10:02:16Z", "is_superuser": true, "last_login": "2014-12-22T03:57:08.143Z"}, "pk": 1}, {"model": "auth.user", "fields": {"groups": [], "last_name": "Pokhrel", "password": "pbkdf2_sha256$12000$2N9jQphy6ZYs$VyR/kzEOiINfZvp6iugWfuV5I+V5nC9HGktJ/V4egzA=", "is_staff": false, "first_name": "Anup", "user_permissions": [], "is_active": true, "username": "anuppokhrel", "email": "anup.pokhrel@gmail.com", "date_joined": "2014-12-21T17:25:35.552Z", "is_superuser": false, "last_login": "2014-12-22T03:53:33.374Z"}, "pk": 2}, {"model": "auth.user", "fields": {"groups": [], "last_name": "Mehta", "password": "pbkdf2_sha256$12000$Mn04CodBqcRS$6f/+JVT1Qa5BVLUpMHArFQVkgJiQ2CuC1IayOMjWfZc=", "is_staff": false, "first_name": "Shashwat", "user_permissions": [], "is_active": true, "username": "saswatmehta", "email": "saswat@gmail.com", "date_joined": "2014-12-21T17:27:09.323Z", "is_superuser": false, "last_login": "2014-12-21T17:27:09.323Z"}, "pk": 3}, {"model": "auth.user", "fields": {"groups": [], "last_name": "Acharya", "password": "pbkdf2_sha256$12000$0E2ZJ6vbqoYn$PtEhZe0u/yaA2oylh/mZUthQTGPvZwUQWZAkz86K3TQ=", "is_staff": false, "first_name": "Ashish", "user_permissions": [], "is_active": true, "username": "ashishacharya", "email": "ashish.adda@gmail.com", "date_joined": "2014-12-21T17:27:29.429Z", "is_superuser": false, "last_login": "2014-12-21T17:27:29.429Z"}, "pk": 4}, {"model": "auth.user", "fields": {"groups": [], "last_name": "Subedi", "password": "pbkdf2_sha256$12000$TmIUwoEqBxjP$9BJZyz9w1dfaPaSYk6oyzTa/YWd4TVwrFuVWcvfU3s0=", "is_staff": false, "first_name": "Aayush", "user_permissions": [], "is_active": true, "username": "ayushsubedi", "email": "ayush.subedi@gmail.com", "date_joined": "2014-12-21T17:27:49.910Z", "is_superuser": false, "last_login": "2014-12-21T17:27:49.910Z"}, "pk": 5}, {"model": "auth.user", "fields": {"groups": [], "last_name": "Sharma", "password": "pbkdf2_sha256$12000$jPEeAIpGLafA$1GezXNQq2Mi0qof0DycMKQP+PGnQxZxaDbfYbStoF60=", "is_staff": false, "first_name": "Diwas", "user_permissions": [], "is_active": true, "username": "diwassharma", "email": "diwasblack@gmail.com", "date_joined": "2014-12-21T17:28:06.168Z", "is_superuser": false, "last_login": "2014-12-21T17:28:06.168Z"}, "pk": 6}, {"model": "auth.user", "fields": {"groups": [], "last_name": "Luitel", "password": "pbkdf2_sha256$12000$8rskmtOPWwW2$wDHFDwnrjeeUJRwMTllolSMBI9w/Y6j8Q+VVqQyZvPA=", "is_staff": false, "first_name": "Bikash", "user_permissions": [], "is_active": true, "username": "bikashluitel", "email": "bikash@gmail.com", "date_joined": "2014-12-21T18:26:44.957Z", "is_superuser": false, "last_login": "2014-12-21T18:26:44.957Z"}, "pk": 7}, {"model": "pages.workerinfo", "fields": {"rating": 5.0, "image": 1, "phonenumber": "9779846464092", "about": "Anup pokhrel is a very hard working computer expert.", "user": 2, "ratingcount": 1, "field": [3, 5], "totalrating": 5}, "pk": 1}, {"model": "pages.workerinfo", "fields": {"rating": 3.0, "image": 2, "phonenumber": "97798888888888", "about": "", "user": 4, "ratingcount": 1, "field": [2], "totalrating": 3}, "pk": 2}, {"model": "pages.workerinfo", "fields": {"rating": 4.0, "image": 3, "phonenumber": "1212121212", "about": "", "user": 5, "ratingcount": 1, "field": [1, 4], "totalrating": 4}, "pk": 3}, {"model": "pages.workerinfo", "fields": {"rating": 3.0, "image": 4, "phonenumber": "1244334343423", "about": "", "user": 6, "ratingcount": 1, "field": [2, 3, 4, 5, 6], "totalrating": 3}, "pk": 4}, {"model": "pages.workerinfo", "fields": {"rating": 4.5, "image": 5, "phonenumber": "12123232323", "about": "", "user": 3, "ratingcount": 2, "field": [1, 3, 5], "totalrating": 9}, "pk": 5}, {"model": "pages.job", "fields": {"status": "AC", "rating": null, "title": "TV repair", "description": "I need to fix my TV", "ratingtext": "", "customer": 7, "worker": 1}, "pk": 1}, {"model": "pages.job", "fields": {"status": "CP", "rating": 4, "title": "Fix pipes", "description": "Fix pipers", "ratingtext": "Very good Plumber", "customer": 7, "worker": 1}, "pk": 2}, {"model": "pages.job", "fields": {"status": "AR", "rating": null, "title": "Change primary domain name", "description": "It is for my computer", "ratingtext": "", "customer": 1, "worker": 1}, "pk": 5}, {"model": "pages.job", "fields": {"status": "AR", "rating": null, "title": "Sink needs fixing", "description": "I need to fix a sink", "ratingtext": "", "customer": 1, "worker": 4}, "pk": 6}, {"model": "pages.job", "fields": {"status": "AR", "rating": null, "title": "Car needs fixing", "description": "My car needs fixing", "ratingtext": "", "customer": 1, "worker": 5}, "pk": 7}, {"model": "pages.job", "fields": {"status": "AC", "rating": null, "title": "Setup Hosting", "description": "setup hosting in my new server", "ratingtext": "", "customer": 1, "worker": 1}, "pk": 8}, {"model": "pages.userinfo", "fields": {"latitude": 27.6189964, "user": 2, "longitude": 85.53855020000003}, "pk": 1}, {"model": "pages.userinfo", "fields": {"latitude": 27.620896440392876, "user": 3, "longitude": 85.54250341166994}, "pk": 2}, {"model": "pages.userinfo", "fields": {"latitude": 27.61542067869693, "user": 4, "longitude": 85.5415592740967}, "pk": 3}, {"model": "pages.userinfo", "fields": {"latitude": 27.617703537692094, "user": 5, "longitude": 85.53176957561038}, "pk": 4}, {"model": "pages.userinfo", "fields": {"latitude": 27.6189964, "user": 6, "longitude": 85.53855020000003}, "pk": 5}, {"model": "pages.userinfo", "fields": {"latitude": 27.621201835768197, "user": 7, "longitude": 85.54352837993167}, "pk": 6}, {"model": "admin.logentry", "fields": {"action_flag": 1, "object_repr": " Man 1", "object_id": "1", "action_time": "2014-12-21T13:39:30.432Z", "change_message": "", "user": 1, "content_type": 7}, "pk": 1}, {"model": "admin.logentry", "fields": {"action_flag": 1, "object_repr": "Man 2", "object_id": "2", "action_time": "2014-12-21T13:40:19.964Z", "change_message": "", "user": 1, "content_type": 7}, "pk": 2}, {"model": "admin.logentry", "fields": {"action_flag": 1, "object_repr": "Man 3 ", "object_id": "3", "action_time": "2014-12-21T13:40:24.967Z", "change_message": "", "user": 1, "content_type": 7}, "pk": 3}, {"model": "admin.logentry", "fields": {"action_flag": 1, "object_repr": " Man 4", "object_id": "4", "action_time": "2014-12-21T13:40:30.191Z", "change_message": "", "user": 1, "content_type": 7}, "pk": 4}, {"model": "admin.logentry", "fields": {"action_flag": 1, "object_repr": " Man 5", "object_id": "5", "action_time": "2014-12-21T13:40:38.785Z", "change_message": "", "user": 1, "content_type": 7}, "pk": 5}, {"model": "admin.logentry", "fields": {"action_flag": 1, "object_repr": "mechanic ", "object_id": "6", "action_time": "2014-12-21T15:27:31.623Z", "change_message": "", "user": 1, "content_type": 7}, "pk": 6}, {"model": "admin.logentry", "fields": {"action_flag": 1, "object_repr": " maid", "object_id": "7", "action_time": "2014-12-21T15:27:36.710Z", "change_message": "", "user": 1, "content_type": 7}, "pk": 7}, {"model": "admin.logentry", "fields": {"action_flag": 1, "object_repr": " computer-maintenance", "object_id": "8", "action_time": "2014-12-21T15:27:44.236Z", "change_message": "", "user": 1, "content_type": 7}, "pk": 8}, {"model": "admin.logentry", "fields": {"action_flag": 1, "object_repr": " plumber", "object_id": "9", "action_time": "2014-12-21T15:31:34.938Z", "change_message": "", "user": 1, "content_type": 7}, "pk": 9}, {"model": "admin.logentry", "fields": {"action_flag": 1, "object_repr": " electrician", "object_id": "10", "action_time": "2014-12-21T15:31:44.900Z", "change_message": "", "user": 1, "content_type": 7}, "pk": 10}, {"model": "admin.logentry", "fields": {"action_flag": 1, "object_repr": " carpentar", "object_id": "11", "action_time": "2014-12-21T15:31:53.140Z", "change_message": "", "user": 1, "content_type": 7}, "pk": 11}, {"model": "admin.logentry", "fields": {"action_flag": 1, "object_repr": "Mechanic", "object_id": "1", "action_time": "2014-12-21T15:32:10.497Z", "change_message": "", "user": 1, "content_type": 8}, "pk": 12}, {"model": "admin.logentry", "fields": {"action_flag": 1, "object_repr": "Maid", "object_id": "2", "action_time": "2014-12-21T15:32:17.631Z", "change_message": "", "user": 1, "content_type": 8}, "pk": 13}, {"model": "admin.logentry", "fields": {"action_flag": 1, "object_repr": "Computer Maintenance", "object_id": "3", "action_time": "2014-12-21T15:32:31.007Z", "change_message": "", "user": 1, "content_type": 8}, "pk": 14}, {"model": "admin.logentry", "fields": {"action_flag": 1, "object_repr": "Plumber", "object_id": "4", "action_time": "2014-12-21T15:32:39.636Z", "change_message": "", "user": 1, "content_type": 8}, "pk": 15}, {"model": "admin.logentry", "fields": {"action_flag": 1, "object_repr": "Electrician", "object_id": "5", "action_time": "2014-12-21T15:32:48.001Z", "change_message": "", "user": 1, "content_type": 8}, "pk": 16}, {"model": "admin.logentry", "fields": {"action_flag": 1, "object_repr": "Carpentar", "object_id": "6", "action_time": "2014-12-21T15:32:55.577Z", "change_message": "", "user": 1, "content_type": 8}, "pk": 17}, {"model": "admin.logentry", "fields": {"action_flag": 2, "object_repr": " maid", "object_id": "7", "action_time": "2014-12-21T16:33:42.593Z", "change_message": "Changed image.", "user": 1, "content_type": 7}, "pk": 18}, {"model": "admin.logentry", "fields": {"action_flag": 1, "object_repr": "WorkerInfo object", "object_id": "1", "action_time": "2014-12-21T17:36:36.233Z", "change_message": "", "user": 1, "content_type": 9}, "pk": 19}, {"model": "admin.logentry", "fields": {"action_flag": 1, "object_repr": "WorkerInfo object", "object_id": "2", "action_time": "2014-12-21T17:36:56.349Z", "change_message": "", "user": 1, "content_type": 9}, "pk": 20}, {"model": "admin.logentry", "fields": {"action_flag": 1, "object_repr": "WorkerInfo object", "object_id": "3", "action_time": "2014-12-21T17:37:06.870Z", "change_message": "", "user": 1, "content_type": 9}, "pk": 21}, {"model": "admin.logentry", "fields": {"action_flag": 1, "object_repr": "WorkerInfo object", "object_id": "4", "action_time": "2014-12-21T17:37:18.029Z", "change_message": "", "user": 1, "content_type": 9}, "pk": 22}, {"model": "admin.logentry", "fields": {"action_flag": 1, "object_repr": "WorkerInfo object", "object_id": "5", "action_time": "2014-12-21T17:37:29.192Z", "change_message": "", "user": 1, "content_type": 9}, "pk": 23}, {"model": "admin.logentry", "fields": {"action_flag": 2, "object_repr": " Man 5", "object_id": "5", "action_time": "2014-12-21T17:48:25.936Z", "change_message": "Changed image.", "user": 1, "content_type": 7}, "pk": 24}, {"model": "admin.logentry", "fields": {"action_flag": 2, "object_repr": " Man 4", "object_id": "4", "action_time": "2014-12-21T17:48:34.336Z", "change_message": "Changed image.", "user": 1, "content_type": 7}, "pk": 25}, {"model": "admin.logentry", "fields": {"action_flag": 2, "object_repr": " Man 5", "object_id": "5", "action_time": "2014-12-21T17:49:10.445Z", "change_message": "Changed image.", "user": 1, "content_type": 7}, "pk": 26}, {"model": "admin.logentry", "fields": {"action_flag": 2, "object_repr": " Man 4", "object_id": "4", "action_time": "2014-12-21T17:49:18.045Z", "change_message": "Changed image.", "user": 1, "content_type": 7}, "pk": 27}, {"model": "admin.logentry", "fields": {"action_flag": 2, "object_repr": "Carpentar", "object_id": "6", "action_time": "2014-12-21T17:52:00.975Z", "change_message": "Changed workername.", "user": 1, "content_type": 8}, "pk": 28}, {"model": "admin.logentry", "fields": {"action_flag": 2, "object_repr": "Electrician", "object_id": "5", "action_time": "2014-12-21T17:52:06.857Z", "change_message": "Changed workername.", "user": 1, "content_type": 8}, "pk": 29}, {"model": "admin.logentry", "fields": {"action_flag": 2, "object_repr": "Plumber", "object_id": "4", "action_time": "2014-12-21T17:52:11.726Z", "change_message": "Changed workername.", "user": 1, "content_type": 8}, "pk": 30}, {"model": "admin.logentry", "fields": {"action_flag": 2, "object_repr": "Computer Maintenance", "object_id": "3", "action_time": "2014-12-21T17:52:19.134Z", "change_message": "Changed workername.", "user": 1, "content_type": 8}, "pk": 31}, {"model": "admin.logentry", "fields": {"action_flag": 2, "object_repr": "Maid", "object_id": "2", "action_time": "2014-12-21T17:52:25.193Z", "change_message": "Changed workername.", "user": 1, "content_type": 8}, "pk": 32}, {"model": "admin.logentry", "fields": {"action_flag": 2, "object_repr": "Mechanic", "object_id": "1", "action_time": "2014-12-21T17:52:30.299Z", "change_message": "Changed workername.", "user": 1, "content_type": 8}, "pk": 33}, {"model": "admin.logentry", "fields": {"action_flag": 2, "object_repr": "Carpenter", "object_id": "6", "action_time": "2014-12-21T18:04:05.755Z", "change_message": "Changed name and workername.", "user": 1, "content_type": 8}, "pk": 34}, {"model": "admin.logentry", "fields": {"action_flag": 1, "object_repr": "Job object", "object_id": "1", "action_time": "2014-12-21T18:24:08.407Z", "change_message": "", "user": 1, "content_type": 10}, "pk": 35}, {"model": "admin.logentry", "fields": {"action_flag": 2, "object_repr": "Job object", "object_id": "1", "action_time": "2014-12-21T18:25:20.828Z", "change_message": "Changed title and description.", "user": 1, "content_type": 10}, "pk": 36}, {"model": "admin.logentry", "fields": {"action_flag": 2, "object_repr": "virtualanup", "object_id": "1", "action_time": "2014-12-21T18:26:19.549Z", "change_message": "Changed first_name.", "user": 1, "content_type": 4}, "pk": 37}, {"model": "admin.logentry", "fields": {"action_flag": 2, "object_repr": "TV repair for Bikash Luitel by Anup Pokhrel", "object_id": "1", "action_time": "2014-12-21T18:26:57.142Z", "change_message": "Changed customer.", "user": 1, "content_type": 10}, "pk": 38}, {"model": "admin.logentry", "fields": {"action_flag": 1, "object_repr": "Fix pipes for Bikash Luitel by Anup Pokhrel", "object_id": "2", "action_time": "2014-12-21T18:27:24.638Z", "change_message": "", "user": 1, "content_type": 10}, "pk": 39}, {"model": "admin.logentry", "fields": {"action_flag": 2, "object_repr": "Worker info for Anup Pokhrel", "object_id": "1", "action_time": "2014-12-21T18:48:45.265Z", "change_message": "Changed totalrating, rating and ratingcount.", "user": 1, "content_type": 9}, "pk": 40}, {"model": "admin.logentry", "fields": {"action_flag": 2, "object_repr": "Worker info for Diwas Sharma", "object_id": "4", "action_time": "2014-12-21T18:48:55.692Z", "change_message": "Changed totalrating, rating and ratingcount.", "user": 1, "content_type": 9}, "pk": 41}, {"model": "admin.logentry", "fields": {"action_flag": 2, "object_repr": "Worker info for Aayush Subedi", "object_id": "3", "action_time": "2014-12-21T18:49:04.041Z", "change_message": "Changed totalrating, rating and ratingcount.", "user": 1, "content_type": 9}, "pk": 42}, {"model": "admin.logentry", "fields": {"action_flag": 2, "object_repr": "Worker info for Ashish Acharya", "object_id": "2", "action_time": "2014-12-21T18:49:12.257Z", "change_message": "Changed totalrating, rating and ratingcount.", "user": 1, "content_type": 9}, "pk": 43}, {"model": "admin.logentry", "fields": {"action_flag": 2, "object_repr": "Worker info for Shashwat Mehta", "object_id": "5", "action_time": "2014-12-21T18:49:27.096Z", "change_message": "Changed totalrating, rating and ratingcount.", "user": 1, "content_type": 9}, "pk": 44}, {"model": "admin.logentry", "fields": {"action_flag": 2, "object_repr": "Worker info for Anup Pokhrel", "object_id": "1", "action_time": "2014-12-21T19:26:20.361Z", "change_message": "Changed about.", "user": 1, "content_type": 9}, "pk": 45}, {"model": "admin.logentry", "fields": {"action_flag": 2, "object_repr": "Fix pipes for Bikash Luitel by Anup Pokhrel", "object_id": "2", "action_time": "2014-12-21T19:40:25.439Z", "change_message": "Changed status and ratingtext.", "user": 1, "content_type": 10}, "pk": 46}, {"model": "admin.logentry", "fields": {"action_flag": 2, "object_repr": "Fix pipes for Bikash Luitel by Anup Pokhrel", "object_id": "2", "action_time": "2014-12-21T19:41:46.850Z", "change_message": "Changed rating.", "user": 1, "content_type": 10}, "pk": 47}, {"model": "admin.logentry", "fields": {"action_flag": 3, "object_repr": "Change primary domain name for Admin  by Anup Pokhrel", "object_id": "4", "action_time": "2014-12-22T02:46:07.758Z", "change_message": "", "user": 1, "content_type": 10}, "pk": 48}, {"model": "admin.logentry", "fields": {"action_flag": 3, "object_repr": "Change primary domain name for Admin  by Anup Pokhrel", "object_id": "3", "action_time": "2014-12-22T02:46:08.192Z", "change_message": "", "user": 1, "content_type": 10}, "pk": 49}, {"model": "admin.logentry", "fields": {"action_flag": 2, "object_repr": "Setup Hosting for customer Admin  by Anup Pokhrel", "object_id": "8", "action_time": "2014-12-22T03:50:23.169Z", "change_message": "Changed status.", "user": 1, "content_type": 10}, "pk": 50}, {"model": "admin.logentry", "fields": {"action_flag": 2, "object_repr": " Man 5", "object_id": "5", "action_time": "2014-12-22T03:57:55.917Z", "change_message": "Changed image.", "user": 1, "content_type": 7}, "pk": 51}, {"model": "admin.logentry", "fields": {"action_flag": 2, "object_repr": " Man 4", "object_id": "4", "action_time": "2014-12-22T03:58:02.066Z", "change_message": "Changed image.", "user": 1, "content_type": 7}, "pk": 52}, {"model": "admin.logentry", "fields": {"action_flag": 2, "object_repr": " Man 1", "object_id": "1", "action_time": "2014-12-22T03:58:09.566Z", "change_message": "Changed image.", "user": 1, "content_type": 7}, "pk": 53}, {"model": "admin.logentry", "fields": {"action_flag": 2, "object_repr": "Man 2", "object_id": "2", "action_time": "2014-12-22T03:58:17.350Z", "change_message": "Changed image.", "user": 1, "content_type": 7}, "pk": 54}, {"model": "admin.logentry", "fields": {"action_flag": 2, "object_repr": "Man 3 ", "object_id": "3", "action_time": "2014-12-22T03:58:44.291Z", "change_message": "Changed image.", "user": 1, "content_type": 7}, "pk": 55}]
